EID,PAYMENT_DY,PAYMENT_DVCD,PAYMENT_AMOUNT
E00206,20240601,월급,850
E00181,20240601,월급,791
E00164,20240601,월급,758
E00190,20240601,월급,708
E00209,20240601,월급,716
E00242,20240601,월급,691
E00298,20240601,월급,708
E00487,20240601,월급,716
E00169,20240601,월급,708
E00218,20240601,월급,708
E00294,20240601,월급,716
E00326,20240601,월급,708
E00346,20240601,월급,708
E00411,20240601,월급,708
E00474,20240601,월급,691
E00167,20240601,월급,608
E00210,20240601,월급,633
E00258,20240601,월급,625
E00260,20240601,월급,625
E00278,20240601,월급,600
E00366,20240601,월급,616
E00483,20240601,월급,608
E00170,20240601,월급,616
E00219,20240601,월급,608
E00272,20240601,월급,616
E00392,20240601,월급,600
E00430,20240601,월급,608
E00441,20240601,월급,616
E00457,20240601,월급,600
E00372,20240601,월급,616
E00391,20240601,월급,600
E00199,20240601,월급,558
E00231,20240601,월급,566
E00297,20240601,월급,575
E00305,20240601,월급,558
E00496,20240601,월급,558
E00499,20240601,월급,566
E00176,20240601,월급,583
E00208,20240601,월급,558
E00395,20240601,월급,566
E00423,20240601,월급,591
E00221,20240601,월급,583
E00243,20240601,월급,575
E00314,20240601,월급,566
E00373,20240601,월급,583
E00414,20240601,월급,558
E00432,20240601,월급,566
E00491,20240601,월급,575
E00186,20240601,월급,558
E00268,20240601,월급,566
E00316,20240601,월급,575
E00462,20240601,월급,558
E00497,20240601,월급,566
E00255,20240601,월급,575
E00307,20240601,월급,558
E00467,20240601,월급,575
E00201,20240601,월급,466
E00229,20240601,월급,466
E00320,20240601,월급,466
E00347,20240601,월급,466
E00359,20240601,월급,475
E00325,20240601,월급,475
E00350,20240601,월급,466
E00396,20240601,월급,475
E00443,20240601,월급,466
E00456,20240601,월급,466
E00249,20240601,월급,475
E00301,20240601,월급,475
E00309,20240601,월급,475
E00339,20240601,월급,475
E00362,20240601,월급,475
E00425,20240601,월급,466
E00435,20240601,월급,466
E00449,20240601,월급,466
E00453,20240601,월급,466
E00454,20240601,월급,466
E00259,20240601,월급,475
E00289,20240601,월급,475
E00331,20240601,월급,475
E00368,20240601,월급,475
E00369,20240601,월급,475
E00381,20240601,월급,475
E00397,20240601,월급,475
E00406,20240601,월급,475
E00165,20240601,월급,416
E00171,20240601,월급,416
E00235,20240601,월급,416
E00282,20240601,월급,416
E00337,20240601,월급,416
E00342,20240601,월급,416
E00345,20240601,월급,416
E00434,20240601,월급,416
E00187,20240601,월급,416
E00204,20240601,월급,416
E00233,20240601,월급,416
E00267,20240601,월급,416
E00276,20240601,월급,416
E00318,20240601,월급,416
E00479,20240601,월급,416
E00173,20240601,월급,416
E00182,20240601,월급,416
E00197,20240601,월급,416
E00212,20240601,월급,416
E00216,20240601,월급,416
E00240,20240601,월급,416
E00279,20240601,월급,416
E00356,20240601,월급,416
E00387,20240601,월급,417
E00436,20240601,월급,417
E00442,20240601,월급,417
E00455,20240601,월급,417
E00485,20240601,월급,417
E00220,20240601,월급,417
E00223,20240601,월급,417
E00228,20240601,월급,417
E00237,20240601,월급,417
E00238,20240601,월급,417
E00269,20240601,월급,417
E00277,20240601,월급,417
E00288,20240601,월급,417
E00317,20240601,월급,417
E00374,20240601,월급,417
E00413,20240601,월급,417
E00486,20240601,월급,417
E00163,20240601,월급,417
E00254,20240601,월급,417
E00358,20240601,월급,417
E00424,20240601,월급,425
E00263,20240601,월급,417
E00287,20240601,월급,417
E00341,20240601,월급,417
E00349,20240601,월급,417
E00468,20240601,월급,417
E00469,20240601,월급,417
E00471,20240601,월급,417
E00484,20240601,월급,417
E00183,20240601,월급,375
E00300,20240601,월급,375
E00303,20240601,월급,375
E00315,20240601,월급,375
E00329,20240601,월급,375
E00364,20240601,월급,375
E00382,20240601,월급,375
E00189,20240601,월급,375
E00248,20240601,월급,375
E00250,20240601,월급,375
E00322,20240601,월급,375
E00389,20240601,월급,375
E00438,20240601,월급,375
E00304,20240601,월급,375
E00428,20240601,월급,375
